タイトル,メモ,URL,タグ,コメント
,,,,
道の駅いちかわ,,https://www.google.com/maps/place/%E9%81%93%E3%81%AE%E9%A7%85%E3%81%84%E3%81%A1%E3%81%8B%E3%82%8F/data=!4m2!3m1!1s0x601886a12033ffff:0xc17901594fc20f08,,
道の駅 ごか,,https://www.google.com/maps/place/%E9%81%93%E3%81%AE%E9%A7%85+%E3%81%94%E3%81%8B/data=!4m2!3m1!1s0x6018b6db4b307b37:0x6b1277af17e96f7e,,
道の駅 しょうなん,,https://www.google.com/maps/place/%E9%81%93%E3%81%AE%E9%A7%85+%E3%81%97%E3%82%87%E3%81%86%E3%81%AA%E3%82%93/data=!4m2!3m1!1s0x6022780153affe17:0xe145d786562d60b5,,
道の駅 さかい,,https://www.google.com/maps/place/%E9%81%93%E3%81%AE%E9%A7%85+%E3%81%95%E3%81%8B%E3%81%84/data=!4m2!3m1!1s0x6018b11f95f90951:0xaa6d0af0b250ad58,,
道の駅 みわ,,https://www.google.com/maps/place/%E9%81%93%E3%81%AE%E9%A7%85+%E3%81%BF%E3%82%8F/data=!4m2!3m1!1s0x6021eb3c85ac848b:0x9cc0c95f448dde41,,
道の駅 まくらがの里 こが,,https://www.google.com/maps/place/%E9%81%93%E3%81%AE%E9%A7%85+%E3%81%BE%E3%81%8F%E3%82%89%E3%81%8C%E3%81%AE%E9%87%8C%E3%81%93%E3%81%8C/data=!4m2!3m1!1s0x6018b341bc6aaaab:0x6706ca457ad3209d,,
道の駅 常総,,https://www.google.com/maps/place/%E9%81%93%E3%81%AE%E9%A7%85+%E5%B8%B8%E7%B7%8F/data=!4m2!3m1!1s0x6018a7114275a827:0xc3de2127afc7e8e6,,
道の駅 しもつま,,https://www.google.com/maps/place/%E9%81%93%E3%81%AE%E9%A7%85+%E3%81%97%E3%82%82%E3%81%A4%E3%81%BE/data=!4m2!3m1!1s0x6018aa2867298d13:0xbd1bddfbd6c00ad5,,
道の駅 グランテラス筑西,,https://www.google.com/maps/place/%E9%81%93%E3%81%AE%E9%A7%85+%E3%82%B0%E3%83%A9%E3%83%B3%E3%83%86%E3%83%A9%E3%82%B9%E7%AD%91%E8%A5%BF/data=!4m2!3m1!1s0x601f5534e9d817d1:0x2d076d884cb1b9d8,,
道の駅 さとみ,,https://www.google.com/maps/place/%E9%81%93%E3%81%AE%E9%A7%85+%E3%81%95%E3%81%A8%E3%81%BF/data=!4m2!3m1!1s0x602190a8a20aa271:0xa210ee1e43b253f0,,
道の駅 ひたちおおた,,https://www.google.com/maps/place/%E9%81%93%E3%81%AE%E9%A7%85+%E3%81%B2%E3%81%9F%E3%81%A1%E3%81%8A%E3%81%8A%E3%81%9F/data=!4m2!3m1!1s0x602187f017db1367:0xaa6bc5ba80829971,,
道の駅 常陸大宮,,https://www.google.com/maps/place/%E9%81%93%E3%81%AE%E9%A7%85+%E5%B8%B8%E9%99%B8%E5%A4%A7%E5%AE%AE+%EF%BD%9E%E3%81%8B%E3%82%8F%E3%83%97%E3%83%A9%E3%82%B6%EF%BD%9E/data=!4m2!3m1!1s0x60218d8b5dc64c43:0x3d9b0e9b28f7a4f9,,
道の駅 奥久慈だいご,,https://www.google.com/maps/place/%E9%81%93%E3%81%AE%E9%A7%85+%E5%A5%A5%E4%B9%85%E6%85%88%E3%81%A0%E3%81%84%E3%81%94/data=!4m2!3m1!1s0x6021bf774fb00001:0x87f7c6bc019c62b5,,
道の駅 かつら,,https://www.google.com/maps/place/%E9%81%93%E3%81%AE%E9%A7%85+%E3%81%8B%E3%81%A4%E3%82%89/data=!4m2!3m1!1s0x6021f2c4a4053dd7:0x8f1ed566063a5677,,
道の駅 日立おさかなセンター,,https://www.google.com/maps/place/%E9%81%93%E3%81%AE%E9%A7%85+%E6%97%A5%E7%AB%8B%E3%81%8A%E3%81%95%E3%81%8B%E3%81%AA%E3%82%BB%E3%83%B3%E3%82%BF%E3%83%BC/data=!4m2!3m1!1s0x60222bc85acdd379:0x3f05bd5693be83f9,,
道の駅 かさま,,https://www.google.com/maps/place/%E9%81%93%E3%81%AE%E9%A7%85+%E3%81%8B%E3%81%95%E3%81%BE/data=!4m2!3m1!1s0x60221fede1fbee4f:0x159a3bfa3feaab2a,,
道の駅 たまつくり,,https://www.google.com/maps/place/%E9%81%93%E3%81%AE%E9%A7%85+%E3%81%9F%E3%81%BE%E3%81%A4%E3%81%8F%E3%82%8A/data=!4m2!3m1!1s0x6022416f421fc54f:0x48755302abe0644e,,
幕張駅,,https://www.google.com/maps/place/%E5%B9%95%E5%BC%B5%E9%A7%85/data=!4m2!3m1!1s0x602281818f83000d:0xe5cbc90f63020d52,,
